To_ID,Score
1,1.595388929
4,0.905772336
5,1.931679746
6,1.482280139
7,0.94617339
8,1.671521148
9,2.023733437
10,0.877417893
11,1.616916627
