To_ID,Score
1,1.491391712
2,1.386421282
3,1.131003371
4,0.706025078
5,1.642180234
7,1.169082616
9,2.045074878
10,0.849557482
11,1.306813564
