To_ID,Score
2,1.10720502
3,0.74286289
4,0.792892786
5,1.711626064
6,1.324965904
7,0.927821221
8,1.382495589
9,1.760973636
10,1.250020095
11,1.005459803
