To_ID,Score
1,1.444562747
2,1.295446537
3,1.135582614
4,0.794919325
5,2.168232995
6,1.643625555
7,0.999547501
8,1.348609245
10,1.262339132
11,1.208928877