To_ID,Score
1,1.552348977
2,1.289464247
3,0.817463312
4,0.471572261
5,1.885999934
6,1.958214444
9,1.807986934
11,1.107441385
