To_ID,Score
1,1.369100123
2,1.257301018
3,0.950705742
4,0.914989706
6,1.405494405
7,1.045430731
8,1.409916713
9,2.307615239
10,1.178372875
11,1.294294345
