To_ID,Score
1,1.954844246
2,1.334932348
3,1.330149237
5,1.288595464
6,1.173066845
7,0.332070579
8,0.860746407
9,1.413652766
10,0.648511194
11,1.315770581
