To_ID,Score
1,1.097139238
2,1.02723446
3,1.234323
4,1.101213897
5,1.446846111
6,1.564491931
7,0.825383784
8,1.23599069
9,1.652232775
10,1.367102393
