To_ID,Score
1,1.577821667
2,1.376557675
3,1.336901045
4,0.502592408
5,1.683976945
9,1.886966889
10,0.894089037
11,1.680542053
