To_ID,Score
1,2.015251042
2,0.890726314
4,1.23571821
5,1.362831721
6,1.250681553
7,0.141402586
8,1.074367211
9,1.688522729
